{"cameraMode":{"drawMode":0,"name":"Shaded","section":"Shading Mode"},"sceneLighting":true,"audioPlay":false,"sceneViewState":{"m_AlwaysRefresh":false,"showFog":true,"showSkybox":true,"showFlares":true,"showImageEffects":true,"showParticleSystems":true,"showVisualEffectGraphs":true,"m_FxEnabled":true},"in2DMode":false,"pivot":{"x":2.8688151836395265,"y":3.301273822784424,"z":1.0105489492416382},"rotation":{"x":0.23458360135555268,"y":-0.6758590340614319,"z":0.24390219151973725,"w":0.6543705463409424},"size":0.08485286682844162,"orthographic":false}