{"cameraMode":{"drawMode":0,"name":"Shaded","section":"Shading Mode"},"sceneLighting":true,"audioPlay":false,"sceneViewState":{"m_AlwaysRefresh":false,"showFog":true,"showSkybox":true,"showFlares":true,"showImageEffects":true,"showParticleSystems":true,"showVisualEffectGraphs":true,"m_FxEnabled":true},"in2DMode":false,"pivot":{"x":-11.216459274291993,"y":11.66775894165039,"z":13.562685012817383},"rotation":{"x":-0.053928427398204806,"y":-0.8936516642570496,"z":0.11878085881471634,"w":-0.4287624657154083},"size":0.5569414496421814,"orthographic":false}