{"cameraMode":{"drawMode":0,"name":"Shaded","section":"Shading Mode"},"sceneLighting":true,"audioPlay":false,"sceneViewState":{"m_AlwaysRefresh":false,"showFog":true,"showSkybox":true,"showFlares":true,"showImageEffects":true,"showParticleSystems":true,"showVisualEffectGraphs":true,"m_FxEnabled":true},"in2DMode":false,"pivot":{"x":-9.771834373474121,"y":6.334448337554932,"z":6.1244730949401859},"rotation":{"x":0.23845046758651734,"y":-0.6350806355476379,"z":0.21763035655021668,"w":0.7013780474662781},"size":0.08485286682844162,"orthographic":false}