{"cameraMode":{"drawMode":0,"name":"Shaded","section":"Shading Mode"},"sceneLighting":true,"audioPlay":false,"sceneViewState":{"m_AlwaysRefresh":false,"showFog":true,"showSkybox":true,"showFlares":true,"showImageEffects":true,"showParticleSystems":true,"showVisualEffectGraphs":true,"m_FxEnabled":true},"in2DMode":false,"pivot":{"x":20.50341033935547,"y":-6.873872756958008,"z":0.09070798009634018},"rotation":{"x":0.1249099150300026,"y":0.6892451643943787,"z":-0.12241819500923157,"w":0.7030273079872131},"size":12.861488342285157,"orthographic":false}