{"cameraMode":{"drawMode":0,"name":"Shaded","section":"Shading Mode"},"sceneLighting":true,"audioPlay":false,"sceneViewState":{"m_AlwaysRefresh":false,"showFog":true,"showSkybox":true,"showFlares":true,"showImageEffects":true,"showParticleSystems":true,"showVisualEffectGraphs":true,"m_FxEnabled":true},"in2DMode":false,"pivot":{"x":5.028535842895508,"y":16.05760383605957,"z":6.986751556396484},"rotation":{"x":0.0001070515500032343,"y":-0.8553176522254944,"z":-0.004939814563840628,"w":0.517596960067749},"size":2.2778804302215578,"orthographic":false}