{"cameraMode":{"drawMode":0,"name":"Shaded","section":"Shading Mode"},"sceneLighting":true,"audioPlay":false,"sceneViewState":{"m_AlwaysRefresh":false,"showFog":true,"showSkybox":true,"showFlares":true,"showImageEffects":true,"showParticleSystems":true,"showVisualEffectGraphs":true,"m_FxEnabled":true},"in2DMode":false,"pivot":{"x":7.290290832519531,"y":2.0859665870666506,"z":2.0314040184020998},"rotation":{"x":0.003519500605762005,"y":0.9930906295776367,"z":0.11336810886859894,"w":-0.01885933242738247},"size":1.0667330026626588,"orthographic":false}