{"cameraMode":{"drawMode":0,"name":"Shaded","section":"Shading Mode"},"sceneLighting":true,"audioPlay":false,"sceneViewState":{"m_AlwaysRefresh":false,"showFog":true,"showSkybox":true,"showFlares":true,"showImageEffects":true,"showParticleSystems":true,"showVisualEffectGraphs":true,"m_FxEnabled":true},"in2DMode":false,"pivot":{"x":7.201540470123291,"y":8.40403938293457,"z":11.502960205078125},"rotation":{"x":0.014280717819929123,"y":-0.9843615889549255,"z":0.12213924527168274,"w":0.12419162690639496},"size":0.08485286682844162,"orthographic":false}