{"cameraMode":{"drawMode":0,"name":"Shaded","section":"Shading Mode"},"sceneLighting":true,"audioPlay":false,"sceneViewState":{"m_AlwaysRefresh":false,"showFog":true,"showSkybox":true,"showFlares":true,"showImageEffects":true,"showParticleSystems":true,"showVisualEffectGraphs":true,"m_FxEnabled":true},"in2DMode":false,"pivot":{"x":1.6469097137451172,"y":37.00394821166992,"z":30.531953811645509},"rotation":{"x":0.05281201750040054,"y":-0.9108503460884094,"z":0.39205649495124819,"w":0.11533168703317642},"size":0.5569414496421814,"orthographic":false}