{"cameraMode":{"drawMode":0,"name":"Shaded","section":"Shading Mode"},"sceneLighting":true,"audioPlay":false,"sceneViewState":{"m_AlwaysRefresh":false,"showFog":true,"showSkybox":true,"showFlares":true,"showImageEffects":true,"showParticleSystems":true,"showVisualEffectGraphs":true,"m_FxEnabled":true},"in2DMode":false,"pivot":{"x":0.12819769978523255,"y":-10.974264144897461,"z":12.995644569396973},"rotation":{"x":-0.29722461104393008,"y":0.0022925804369151594,"z":-0.0007501324871554971,"w":-0.95472252368927},"size":12.861488342285157,"orthographic":false}