{"cameraMode":{"drawMode":0,"name":"Shaded","section":"Shading Mode"},"sceneLighting":false,"audioPlay":false,"sceneViewState":{"m_AlwaysRefresh":false,"showFog":true,"showSkybox":false,"showFlares":true,"showImageEffects":true,"showParticleSystems":true,"showVisualEffectGraphs":true,"m_FxEnabled":true},"in2DMode":false,"pivot":{"x":1.4901161193847657e-8,"y":61.400001525878909,"z":147.89999389648438},"rotation":{"x":0.23845046758651734,"y":-0.6350806355476379,"z":0.21763035655021668,"w":0.7013780474662781},"size":0.5303301215171814,"orthographic":false}