{"cameraMode":{"drawMode":0,"name":"Shaded","section":"Shading Mode"},"sceneLighting":false,"audioPlay":false,"sceneViewState":{"m_AlwaysRefresh":false,"showFog":true,"showSkybox":false,"showFlares":true,"showImageEffects":true,"showParticleSystems":true,"showVisualEffectGraphs":true,"m_FxEnabled":true},"in2DMode":false,"pivot":{"x":-21.31999969482422,"y":0.7300000190734863,"z":-6.570000171661377},"rotation":{"x":0.011358045972883702,"y":-0.5084275007247925,"z":-0.006706468295305967,"w":-0.8610126972198486},"size":1.4071249961853028,"orthographic":false}